key,value,unit
truck_mass_kg,26.3,kg
total_mass_kg,86.3,kg
weight_N,847,N
wheel_spacing_mm,259.8,mm
hub_height_mm,175.0,mm
riser_max_landing_mm,225,mm
landing_h100_n0_mm,139.8,mm
tread_min_h100_mm,239.8,mm
landing_h150_n0_mm,112.1,mm
tread_min_h150_mm,212.1,mm
landing_h175_n0_mm,92.0,mm
tread_min_h175_mm,192.0,mm
landing_h196_n0_mm,70.5,mm
tread_min_h196_mm,170.5,mm
landing_h200_n0_mm,65.8,mm
tread_min_h200_mm,165.8,mm
landing_h210_n0_mm,53.0,mm
tread_min_h210_mm,153.0,mm
landing_h220_n0_mm,38.2,mm
tread_min_h220_mm,138.2,mm
landing_h241_n0_mm,-2.9,mm
tread_min_h241_mm,97.1,mm
hub_nosing_min_h100_n0_mm,119.6,mm
arm_clear_h100_n0_mm,57.0,mm
wheel_clear_h100_n0_mm,-0.0,mm
hub_nosing_min_h100_n32_mm,119.6,mm
arm_clear_h100_n32_mm,57.0,mm
wheel_clear_h100_n32_mm,0.0,mm
hub_nosing_min_h125_n0_mm,105.6,mm
arm_clear_h125_n0_mm,50.0,mm
wheel_clear_h125_n0_mm,3.1,mm
hub_nosing_min_h125_n32_mm,105.0,mm
arm_clear_h125_n32_mm,47.3,mm
wheel_clear_h125_n32_mm,-0.0,mm
hub_nosing_min_h150_n0_mm,93.9,mm
arm_clear_h150_n0_mm,47.4,mm
wheel_clear_h150_n0_mm,11.8,mm
hub_nosing_min_h150_n32_mm,89.5,mm
arm_clear_h150_n32_mm,35.2,mm
wheel_clear_h150_n32_mm,0.0,mm
hub_nosing_min_h175_n0_mm,87.1,mm
arm_clear_h175_n0_mm,50.0,mm
wheel_clear_h175_n0_mm,25.0,mm
hub_nosing_min_h175_n32_mm,71.6,mm
arm_clear_h175_n32_mm,19.5,mm
wheel_clear_h175_n32_mm,0.5,mm
hub_nosing_min_h196_n0_mm,87.8,mm
arm_clear_h196_n0_mm,49.1,mm
wheel_clear_h196_n0_mm,22.4,mm
hub_nosing_min_h196_n32_mm,64.6,mm
arm_clear_h196_n32_mm,25.9,mm
wheel_clear_h196_n32_mm,16.6,mm
hub_nosing_min_h200_n0_mm,88.8,mm
arm_clear_h200_n0_mm,48.4,mm
wheel_clear_h200_n0_mm,19.7,mm
hub_nosing_min_h200_n32_mm,64.2,mm
arm_clear_h200_n32_mm,27.7,mm
wheel_clear_h200_n32_mm,19.9,mm
env_radius_n0_mm,77,mm
env_radius_n32_mm,54,mm
overhang_max_arms_mm,32,mm
guard_radius_mm,53.9,mm
guard_margin_n32_mm,0.3,mm
countershaft_nosing_clear_mm,96,mm
frame_back_nosing_clear_mm,109,mm
alt_a135_w150_hub_n32_mm,36,mm
alt_a135_w150_arm_n32_mm,-8,mm
alt_a135_w200_hub_n32_mm,70,mm
alt_a135_w200_arm_n32_mm,29,mm
alt_a150_w150_hub_n32_mm,29,mm
alt_a150_w150_arm_n32_mm,-15,mm
alt_a150_w200_hub_n32_mm,64,mm
alt_a150_w200_arm_n32_mm,20,mm
alt_a165_w200_hub_n32_mm,64,mm
alt_a165_w200_arm_n32_mm,12,mm
lift_work_J,166,J
shaft_torque_mean_Nm,79,N m
shaft_torque_static_Nm,128,N m
shaft_torque_peak_Nm,166,N m
shaft_rpm,5.67,rpm
shaft_power_peak_W,99,W
motor_output_peak_W,238,W
gearmotor_rpm,40,rpm
gearmotor_torque_Nm,25.8,N m
chain_pull_08B_N,4102,N
chain_sf_08B,4.3,
chain_pull_06B_N,1615,N
chain_sf_06B,5.5,
steps_per_min_max_250W,17.8,steps/min
motor_output_at_20spm_W,280,W
energy_up_J,527,J
energy_down_J,42,J
steps_per_charge,1327,steps
charge_time_h,3.5,h
worm_friction_angle_deg,4.83,deg
hold_torque_Nm,128,N m
worm_backdrive_eff,-0.22,
brake_margin,8.2,x
com_swing_mm,89,mm
handle_force_set_N,70,N
handle_force_edge_N,111,N
handle_force_vertical_N,250,N
window_for_100N_deg,4.4,deg
push_force_N,25,N
shaft_vm_MPa,102,MPa
shaft_sf,1.8,
arm_vm_MPa,163,MPa
arm_sf,1.7,
rail_MPa,89,MPa
rail_sf,2.8,
width_mm,569,mm
height_upright_mm,1451,mm
folded_height_mm,1139,mm
bom_total_usd,633.0,USD

requirement,name,target,value,status
R1,Rated stair load,60 kg up and down; 100 kg on the flat,"Shaft SF 1.8, spider SF 1.7, rail SF 2.8 at 3 g",met
R2,Stair range,"Risers 100 to 200 mm, treads 250 mm or more, nosing up to 32 mm",Landing 66 mm past the nosing at 200 mm; tread needed 240 mm; arms clear nosings up to 32 mm overhang,met
R3,Climb speed,17 steps/min or more at rated load,238 W peak motor output on a 250 W motor,met
R4,Endurance,"1,000 loaded steps up plus 1,000 down per charge","1,327",met
R5,Truck mass,27 kg or less; pack 3 kg or less,26.3 kg; pack 2.6 kg,met
R6,Operator handle force,100 N or less inside the tilt window,111 N at the +/-6 deg edge; 70 N at the set angle,not met
R7,Tilt control,"100 Hz IMU, +/-6 deg window, stop within 0.2 s",Control concept only,not verifiable at TRL 3
R8,Hold on any loss,Holds with power off; drift 5 mm or less in 10 min,Worm self-locking (back-drive -0.22); brake margin 8.2x; drift unmeasured,not verifiable at TRL 3
R9,Hold-to-run,Stops within 0.2 s of grip release,Circuit concept only,not verifiable at TRL 3
R10,Flat rolling,40 N or less at rated load,25 N,met
R11,Size,"Width 600 mm or less; upright height 1,500 mm or less",569 mm; 1451 mm,met
R12,Affordable,$650 or less,$633,met
R13,Battery,"24 V LiFePO4, BMS, fused, 0 to 45 degC charge window, 4 h charge",3.5 h,met
R14,Environment,"0 to 40 degC, IP54, rain on stoops",Enclosure concept only,not verifiable at TRL 3
R15,Stair and building protection,No steel contact with stairs; skids over nosings,20T sprocket guard radius 53.9 mm against 54.2 mm allowed; countershaft guard clears by 96 mm,met
